route_name,source_index,destination_index,source_node_id,destination_node_id
FULL_ROUTE_EDSA_TO_CHINO,0,1,00005048-3100-0400-0000-0000001728f3,00005048-3100-0400-0000-0000000376b4
FULL_ROUTE_EDSA_TO_CHINO,1,2,00005048-3100-0400-0000-0000000376b4,00005048-3100-0400-0000-000000038612
FULL_ROUTE_EDSA_TO_CHINO,2,3,00005048-3100-0400-0000-000000038612,-00005048-3100-0400-0000-000000038614
FULL_ROUTE_EDSA_TO_CHINO,3,4,-00005048-3100-0400-0000-000000038614,-00005048-3100-0400-0000-000000038697
FULL_ROUTE_EDSA_TO_CHINO,4,5,-00005048-3100-0400-0000-000000038697,-00005048-3100-0400-0000-00000003869c
FULL_ROUTE_EDSA_TO_CHINO,5,6,-00005048-3100-0400-0000-00000003869c,-00005048-3100-0400-0000-00000003869b
FULL_ROUTE_EDSA_TO_CHINO,6,7,-00005048-3100-0400-0000-00000003869b,-00005048-3100-0400-0000-000000036d91
FULL_ROUTE_EDSA_TO_CHINO,7,8,-00005048-3100-0400-0000-000000036d91,-00005048-3100-0400-0000-0000000b59c2
FULL_ROUTE_EDSA_TO_CHINO,8,9,-00005048-3100-0400-0000-0000000b59c2,-00005048-3100-0400-0000-0000000b59c1
FULL_ROUTE_EDSA_TO_CHINO,9,10,-00005048-3100-0400-0000-0000000b59c1,-00005048-3100-0400-0000-0000000b5b20
FULL_ROUTE_EDSA_TO_CHINO,10,11,-00005048-3100-0400-0000-0000000b5b20,-00005048-3100-0400-0000-0000000b5b22
FULL_ROUTE_EDSA_TO_CHINO,11,12,-00005048-3100-0400-0000-0000000b5b22,-a1074f5a-85c4-46d0-bc61-c0b81a1bed94
FULL_ROUTE_EDSA_TO_CHINO,12,13,-a1074f5a-85c4-46d0-bc61-c0b81a1bed94,-921769e0-e608-45c9-8c7e-64317852a40b
FULL_ROUTE_EDSA_TO_CHINO,13,14,-921769e0-e608-45c9-8c7e-64317852a40b,-00005048-3100-0400-0000-0000000361e9
FULL_ROUTE_EDSA_TO_CHINO,14,15,-00005048-3100-0400-0000-0000000361e9,-00005048-3100-0400-0000-0000000b6b21
FULL_ROUTE_EDSA_TO_CHINO,15,16,-00005048-3100-0400-0000-0000000b6b21,-00005048-3100-0400-0000-0000000b6b20
FULL_ROUTE_EDSA_TO_CHINO,16,17,-00005048-3100-0400-0000-0000000b6b20,-c5645a90-26dc-441f-b6ce-01bd78d93981
FULL_ROUTE_EDSA_TO_CHINO,17,18,-c5645a90-26dc-441f-b6ce-01bd78d93981,-fde5a711-1cb6-4a84-83e6-009399000ae5
FULL_ROUTE_EDSA_TO_CHINO,18,19,-fde5a711-1cb6-4a84-83e6-009399000ae5,-bc4919d9-c674-4d00-ab5d-3fc5a86c3a63
FULL_ROUTE_EDSA_TO_CHINO,19,20,-bc4919d9-c674-4d00-ab5d-3fc5a86c3a63,-b828663c-872c-4eb7-8502-91bed323e870
FULL_ROUTE_EDSA_TO_CHINO,20,21,-b828663c-872c-4eb7-8502-91bed323e870,-00005048-3100-0400-0000-0000000b6b1d
FULL_ROUTE_EDSA_TO_CHINO,21,22,-00005048-3100-0400-0000-0000000b6b1d,-00005048-3100-0400-0000-00000003612f
FULL_ROUTE_EDSA_TO_CHINO,22,23,-00005048-3100-0400-0000-00000003612f,-00005048-3100-0400-0000-000000037ae6
FULL_ROUTE_EDSA_TO_CHINO,23,24,-00005048-3100-0400-0000-000000037ae6,-00005048-3100-0400-0000-000000037ae5
FULL_ROUTE_EDSA_TO_CHINO,24,25,-00005048-3100-0400-0000-000000037ae5,-00005048-3100-0400-0000-000000036b82
FULL_ROUTE_EDSA_TO_CHINO,25,26,-00005048-3100-0400-0000-000000036b82,-00005048-3100-0400-0000-000000038318
FULL_ROUTE_EDSA_TO_CHINO,26,27,-00005048-3100-0400-0000-000000038318,-888c0901-d065-495c-8517-2cd2d3a8c374
FULL_ROUTE_EDSA_TO_CHINO,27,28,-888c0901-d065-495c-8517-2cd2d3a8c374,-b044c048-f52a-4a6d-aab1-ddb161c3a819
FULL_ROUTE_EDSA_TO_CHINO,28,29,-b044c048-f52a-4a6d-aab1-ddb161c3a819,-00005048-3100-0400-0000-000000038316
FULL_ROUTE_EDSA_TO_CHINO,29,30,-00005048-3100-0400-0000-000000038316,-00005048-3100-0400-0000-000000038853
FULL_ROUTE_EDSA_TO_CHINO,30,31,-00005048-3100-0400-0000-000000038853,-93e5118d-e716-4fab-9922-887476176b6d
FULL_ROUTE_EDSA_TO_CHINO,31,32,-93e5118d-e716-4fab-9922-887476176b6d,-cf5737b4-4f1d-421c-9f24-d8f0e7d89548
FULL_ROUTE_EDSA_TO_CHINO,32,33,-cf5737b4-4f1d-421c-9f24-d8f0e7d89548,-00005048-3100-0400-0000-000000038302
FULL_ROUTE_EDSA_TO_CHINO,33,34,-00005048-3100-0400-0000-000000038302,-00005048-3100-0400-0000-000000038301
FULL_ROUTE_EDSA_TO_CHINO,34,35,-00005048-3100-0400-0000-000000038301,-00005048-3100-0400-0000-000000037925
FULL_ROUTE_EDSA_TO_CHINO,35,36,-00005048-3100-0400-0000-000000037925,-00005048-3100-0400-0000-000000037928
FULL_ROUTE_EDSA_TO_CHINO,36,37,-00005048-3100-0400-0000-000000037928,-00005048-3100-0400-0000-000000038752
Other direction_FULL_ROUTE_EDSA_TO_CHINO,38,39,-00005048-3100-0400-0000-00000003791d,-00005048-3100-0400-0000-000000036a75
Other direction_FULL_ROUTE_EDSA_TO_CHINO,39,40,-00005048-3100-0400-0000-000000036a75,-00005048-3100-0400-0000-000000038304
Other direction_FULL_ROUTE_EDSA_TO_CHINO,40,41,-00005048-3100-0400-0000-000000038304,-00005048-3100-0400-0000-000000038303
Other direction_FULL_ROUTE_EDSA_TO_CHINO,41,42,-00005048-3100-0400-0000-000000038303,-00005048-3100-0400-0000-000000038840
Other direction_FULL_ROUTE_EDSA_TO_CHINO,42,43,-00005048-3100-0400-0000-000000038840,-00005048-3100-0400-0000-00000003883f
Other direction_FULL_ROUTE_EDSA_TO_CHINO,43,44,-00005048-3100-0400-0000-00000003883f,-00005048-3100-0400-0000-00000003830d
Other direction_FULL_ROUTE_EDSA_TO_CHINO,44,45,-00005048-3100-0400-0000-00000003830d,-cbd46e1b-d0fc-4f66-ba3d-b7bc83b26358
Other direction_FULL_ROUTE_EDSA_TO_CHINO,45,46,-cbd46e1b-d0fc-4f66-ba3d-b7bc83b26358,-c00f54e3-e357-4b38-b131-0dcb954584ea
Other direction_FULL_ROUTE_EDSA_TO_CHINO,46,47,-c00f54e3-e357-4b38-b131-0dcb954584ea,-00005048-3100-0400-0000-00000003830b
Other direction_FULL_ROUTE_EDSA_TO_CHINO,47,48,-00005048-3100-0400-0000-00000003830b,-00005048-3100-0400-0000-000000036b8e
Other direction_FULL_ROUTE_EDSA_TO_CHINO,48,49,-00005048-3100-0400-0000-000000036b8e,-00005048-3100-0400-0000-000000037967
Other direction_FULL_ROUTE_EDSA_TO_CHINO,49,50,-00005048-3100-0400-0000-000000037967,-00005048-3100-0400-0000-000000037966
Other direction_FULL_ROUTE_EDSA_TO_CHINO,50,51,-00005048-3100-0400-0000-000000037966,-00005048-3100-0400-0000-00000003613f
Other direction_FULL_ROUTE_EDSA_TO_CHINO,51,52,-00005048-3100-0400-0000-00000003613f,-00005048-3100-0400-0000-0000000b6b23
Other direction_FULL_ROUTE_EDSA_TO_CHINO,52,53,-00005048-3100-0400-0000-0000000b6b23,-c8c9f764-0bb2-4f58-a135-672ab96b5555
Other direction_FULL_ROUTE_EDSA_TO_CHINO,53,54,-c8c9f764-0bb2-4f58-a135-672ab96b5555,-9a4c1c4d-d635-4454-9634-d7c1ebdc9d24
Other direction_FULL_ROUTE_EDSA_TO_CHINO,54,55,-9a4c1c4d-d635-4454-9634-d7c1ebdc9d24,-dff2c70d-8c19-48de-8a11-ebb1a513d112
Other direction_FULL_ROUTE_EDSA_TO_CHINO,55,56,-dff2c70d-8c19-48de-8a11-ebb1a513d112,-b7ba6615-5c00-427d-8ea4-aae3c0be332e
Other direction_FULL_ROUTE_EDSA_TO_CHINO,56,57,-b7ba6615-5c00-427d-8ea4-aae3c0be332e,-00005048-3100-0400-0000-000000195a67
Other direction_FULL_ROUTE_EDSA_TO_CHINO,57,58,-00005048-3100-0400-0000-000000195a67,-00005048-3100-0400-0000-000000038405
Other direction_FULL_ROUTE_EDSA_TO_CHINO,58,59,-00005048-3100-0400-0000-000000038405,-00005048-3100-0400-0000-000000036adb
Other direction_FULL_ROUTE_EDSA_TO_CHINO,59,60,-00005048-3100-0400-0000-000000036adb,-00005048-3100-0400-0000-0000000b5b17
Other direction_FULL_ROUTE_EDSA_TO_CHINO,60,61,-00005048-3100-0400-0000-0000000b5b17,-bdf3c921-cd87-4d83-b8c0-11cb09812820
Other direction_FULL_ROUTE_EDSA_TO_CHINO,61,62,-bdf3c921-cd87-4d83-b8c0-11cb09812820,-88e43444-09ba-4653-ab9f-efbcd8a1d6d4
Other direction_FULL_ROUTE_EDSA_TO_CHINO,62,63,-88e43444-09ba-4653-ab9f-efbcd8a1d6d4,-a0e295d1-85a5-4a85-9612-b27b847f405c
Other direction_FULL_ROUTE_EDSA_TO_CHINO,63,64,-a0e295d1-85a5-4a85-9612-b27b847f405c,-00005048-3100-0400-0000-0000000b5b11
Other direction_FULL_ROUTE_EDSA_TO_CHINO,64,65,-00005048-3100-0400-0000-0000000b5b11,00005048-3100-0400-0000-0000000b59c6
Other direction_FULL_ROUTE_EDSA_TO_CHINO,65,66,00005048-3100-0400-0000-0000000b59c6,00005048-3100-0400-0000-0000000b59c7
Other direction_FULL_ROUTE_EDSA_TO_CHINO,66,67,00005048-3100-0400-0000-0000000b59c7,00005048-3100-0400-0000-000000036d8f
Other direction_FULL_ROUTE_EDSA_TO_CHINO,67,68,00005048-3100-0400-0000-000000036d8f,00005048-3100-0400-0000-0000000386a2
Other direction_FULL_ROUTE_EDSA_TO_CHINO,68,69,00005048-3100-0400-0000-0000000386a2,00005048-3100-0400-0000-0000000386a3
Other direction_FULL_ROUTE_EDSA_TO_CHINO,69,70,00005048-3100-0400-0000-0000000386a3,00005048-3100-0400-0000-0000000386a1
Other direction_FULL_ROUTE_EDSA_TO_CHINO,70,71,00005048-3100-0400-0000-0000000386a1,00005048-3100-0400-0000-000000038616
Other direction_FULL_ROUTE_EDSA_TO_CHINO,71,72,00005048-3100-0400-0000-000000038616,-00005048-3100-0400-0000-0000000377b9
Other direction_FULL_ROUTE_EDSA_TO_CHINO,72,73,-00005048-3100-0400-0000-0000000377b9,-00005048-3100-0400-0000-000000038622
Other direction_FULL_ROUTE_EDSA_TO_CHINO,73,74,-00005048-3100-0400-0000-000000038622,-da80dfa5-e081-44ea-829b-70a8aba5b774
Other direction_FULL_ROUTE_EDSA_TO_CHINO,74,75,-da80dfa5-e081-44ea-829b-70a8aba5b774,fc7aabc4-07e6-4b11-8b0f-8b9936e3608c
Other direction_FULL_ROUTE_EDSA_TO_CHINO,75,76,fc7aabc4-07e6-4b11-8b0f-8b9936e3608c,-a9aa60a4-a11d-46de-a5aa-29de33214311
Other direction_FULL_ROUTE_EDSA_TO_CHINO,76,77,-a9aa60a4-a11d-46de-a5aa-29de33214311,-f2009d1e-5a29-417d-99c7-f2e7afc95121
Other direction_FULL_ROUTE_EDSA_TO_CHINO,77,78,-f2009d1e-5a29-417d-99c7-f2e7afc95121,00005048-3100-0400-0000-000000036aa2
Other direction_FULL_ROUTE_EDSA_TO_CHINO,78,79,00005048-3100-0400-0000-000000036aa2,00005048-3100-0400-0000-00000003787b
Other direction_FULL_ROUTE_EDSA_TO_CHINO,79,80,00005048-3100-0400-0000-00000003787b,b39a0646-257f-4ec2-9be0-732360557c56
Other direction_FULL_ROUTE_EDSA_TO_CHINO,80,81,b39a0646-257f-4ec2-9be0-732360557c56,00005048-3100-0400-0000-000000038620
Other direction_FULL_ROUTE_EDSA_TO_CHINO,81,82,00005048-3100-0400-0000-000000038620,-00005048-3100-0400-0000-0000000377b7
Other direction_FULL_ROUTE_EDSA_TO_CHINO,82,83,-00005048-3100-0400-0000-0000000377b7,00005048-3100-0400-0000-00000003861a
Other direction_FULL_ROUTE_EDSA_TO_CHINO,83,84,00005048-3100-0400-0000-00000003861a,00005048-3100-0400-0000-00000003861b
Other direction_FULL_ROUTE_EDSA_TO_CHINO,84,85,00005048-3100-0400-0000-00000003861b,00005048-3100-0400-0000-0000000377ef
Other direction_FULL_ROUTE_EDSA_TO_CHINO,85,86,00005048-3100-0400-0000-0000000377ef,d9c6bd7e-82b1-4c09-8fed-d548f827ea58
Other direction_FULL_ROUTE_EDSA_TO_CHINO,86,87,d9c6bd7e-82b1-4c09-8fed-d548f827ea58,00005048-3100-0400-0000-0000000376ac
