node_index,node_id,segment_id,route_name,route_position,street_name,distance_m,speed_limit_kph,frc,latitude,longitude
0,00005048-3100-0400-0000-0000001728f3,16080006045464,FULL_ROUTE_EDSA_TO_CHINO,0,Sen. G. Puyat Street,256.87,40.0,2,14.560456250000001,121.01305375
1,00005048-3100-0400-0000-0000000376b4,16080007083308,FULL_ROUTE_EDSA_TO_CHINO,1,Sen. G. Puyat Street,37.04,40.0,2,14.56091,121.014185
2,00005048-3100-0400-0000-000000038612,16080008348888,FULL_ROUTE_EDSA_TO_CHINO,2,Sen. G. Puyat Street,87.26,40.0,2,14.56105,121.0147425
3,-00005048-3100-0400-0000-000000038614,-16080005205343,FULL_ROUTE_EDSA_TO_CHINO,3,,47.79,40.0,3,14.561016666666667,121.01528666666665
4,-00005048-3100-0400-0000-000000038697,-16080012540968,FULL_ROUTE_EDSA_TO_CHINO,4,Ayala Avenue,35.56,40.0,3,14.560719999999998,121.015565
5,-00005048-3100-0400-0000-00000003869c,-16080009763238,FULL_ROUTE_EDSA_TO_CHINO,5,Ayala Avenue,29.38,60.0,3,14.5604775,121.01572000000002
6,-00005048-3100-0400-0000-00000003869b,-16080008802181,FULL_ROUTE_EDSA_TO_CHINO,6,Ayala Avenue,68.8,40.0,3,14.560172,121.016002
7,-00005048-3100-0400-0000-000000036d91,-16080006055130,FULL_ROUTE_EDSA_TO_CHINO,7,Ayala Avenue,11.9,40.0,3,14.559905,121.0163
8,-00005048-3100-0400-0000-0000000b59c2,-16080011172910,FULL_ROUTE_EDSA_TO_CHINO,8,Ayala Avenue,245.44,40.0,3,14.559259999999998,121.01731285714287
9,-00005048-3100-0400-0000-0000000b59c1,-16080007255966,FULL_ROUTE_EDSA_TO_CHINO,9,Ayala Avenue,76.24,40.0,3,14.558455,121.01854
10,-00005048-3100-0400-0000-0000000b5b20,-16080008703860,FULL_ROUTE_EDSA_TO_CHINO,10,Ayala Avenue,25.73,40.0,3,14.558183333333334,121.01895333333333
11,-00005048-3100-0400-0000-0000000b5b22,-16080006058599,FULL_ROUTE_EDSA_TO_CHINO,11,Ayala Avenue,237.53,40.0,3,14.557446666666666,121.02004333333333
12,-a1074f5a-85c4-46d0-bc61-c0b81a1bed94,-16080016999112,FULL_ROUTE_EDSA_TO_CHINO,12,Ayala Avenue,7.3,40.0,3,14.55688,121.02086
13,-921769e0-e608-45c9-8c7e-64317852a40b,-16080016994771,FULL_ROUTE_EDSA_TO_CHINO,13,Ayala Avenue,23.23,40.0,3,14.55681,121.02097666666667
14,-00005048-3100-0400-0000-0000000361e9,-16080008340523,FULL_ROUTE_EDSA_TO_CHINO,14,Ayala Avenue,15.53,40.0,3,14.556709999999999,121.02113
15,-00005048-3100-0400-0000-0000000b6b21,-16080009835153,FULL_ROUTE_EDSA_TO_CHINO,15,Ayala Avenue,30.59,40.0,3,14.556595000000002,121.02131
16,-00005048-3100-0400-0000-0000000b6b20,-16080005975940,FULL_ROUTE_EDSA_TO_CHINO,16,Ayala Avenue,70.41,40.0,3,14.55637,121.0216725
17,-c5645a90-26dc-441f-b6ce-01bd78d93981,-16080016149235,FULL_ROUTE_EDSA_TO_CHINO,17,Ayala Avenue,152.36,40.0,3,14.555682500000001,121.02274750000001
18,-fde5a711-1cb6-4a84-83e6-009399000ae5,-16080016100027,FULL_ROUTE_EDSA_TO_CHINO,18,Ayala Avenue,54.84,40.0,3,14.555293333333333,121.02332666666666
19,-bc4919d9-c674-4d00-ab5d-3fc5a86c3a63,-16080016357650,FULL_ROUTE_EDSA_TO_CHINO,19,Ayala Avenue,34.53,40.0,3,14.555043333333332,121.02369666666668
20,-b828663c-872c-4eb7-8502-91bed323e870,-16080016357851,FULL_ROUTE_EDSA_TO_CHINO,20,Ayala Avenue,36.67,40.0,3,14.55486,121.02396999999999
21,-00005048-3100-0400-0000-0000000b6b1d,-16080010912025,FULL_ROUTE_EDSA_TO_CHINO,21,Ayala Avenue,23.49,40.0,3,14.554719999999998,121.02418
22,-00005048-3100-0400-0000-00000003612f,-16080006549980,FULL_ROUTE_EDSA_TO_CHINO,22,Ayala Avenue,15.13,40.0,3,14.554604999999999,121.02435
23,-00005048-3100-0400-0000-000000037ae6,-16080009336640,FULL_ROUTE_EDSA_TO_CHINO,23,Ayala Avenue,167.56,40.0,3,14.5540375,121.02520000000001
24,-00005048-3100-0400-0000-000000037ae5,-16080007845330,FULL_ROUTE_EDSA_TO_CHINO,24,Ayala Avenue,80.31,40.0,3,14.553489999999998,121.02593999999999
25,-00005048-3100-0400-0000-000000036b82,-16080014906970,FULL_ROUTE_EDSA_TO_CHINO,25,Ayala Avenue,10.4,40.0,3,14.5532,121.026285
26,-00005048-3100-0400-0000-000000038318,-16080005522427,FULL_ROUTE_EDSA_TO_CHINO,26,Ayala Avenue,27.49,40.0,3,14.553085,121.026415
27,-888c0901-d065-495c-8517-2cd2d3a8c374,-16080016995882,FULL_ROUTE_EDSA_TO_CHINO,27,Ayala Avenue,103.96,40.0,3,14.55269,121.02687
28,-b044c048-f52a-4a6d-aab1-ddb161c3a819,-16080016999730,FULL_ROUTE_EDSA_TO_CHINO,28,Ayala Avenue,10.15,40.0,3,14.55235,121.027265
29,-00005048-3100-0400-0000-000000038316,-16080012043247,FULL_ROUTE_EDSA_TO_CHINO,29,Ayala Avenue,28.99,40.0,3,14.55225,121.02738
30,-00005048-3100-0400-0000-000000038853,-16080008767574,FULL_ROUTE_EDSA_TO_CHINO,30,Ayala Avenue,59.07,40.0,3,14.551945,121.02768499999999
31,-93e5118d-e716-4fab-9922-887476176b6d,-16080017028301,FULL_ROUTE_EDSA_TO_CHINO,31,Ayala Avenue,6.4,40.0,3,14.551725000000001,121.02789
32,-cf5737b4-4f1d-421c-9f24-d8f0e7d89548,-16080017028688,FULL_ROUTE_EDSA_TO_CHINO,32,Ayala Avenue,10.98,40.0,3,14.551670000000001,121.02794
33,-00005048-3100-0400-0000-000000038302,-16080007972039,FULL_ROUTE_EDSA_TO_CHINO,33,Ayala Avenue,9.26,60.0,3,14.5516,121.02801
34,-00005048-3100-0400-0000-000000038301,-16080005522409,FULL_ROUTE_EDSA_TO_CHINO,34,Ayala Avenue,67.81,60.0,3,14.5513225,121.02825250000001
35,-00005048-3100-0400-0000-000000037925,-16080012311219,FULL_ROUTE_EDSA_TO_CHINO,35,Ayala Avenue,66.73,60.0,3,14.55087,121.02865
36,-00005048-3100-0400-0000-000000037928,-16080013101788,FULL_ROUTE_EDSA_TO_CHINO,36,Ayala Avenue,13.64,60.0,3,14.550595,121.02889
37,-00005048-3100-0400-0000-000000038752,-16080005207467,FULL_ROUTE_EDSA_TO_CHINO,37,Ayala Avenue,30.1,60.0,3,14.550429999999999,121.02902999999999
38,-00005048-3100-0400-0000-00000003791d,-16080013101786,Other direction_FULL_ROUTE_EDSA_TO_CHINO,0,Ayala Avenue,22.14,60.0,3,14.550735,121.02902499999999
39,-00005048-3100-0400-0000-000000036a75,-16080012761039,Other direction_FULL_ROUTE_EDSA_TO_CHINO,1,Ayala Avenue,63.39,60.0,3,14.55103,121.028775
40,-00005048-3100-0400-0000-000000038304,-16080009761610,Other direction_FULL_ROUTE_EDSA_TO_CHINO,2,Ayala Avenue,64.33,60.0,3,14.551506666666667,121.02836333333333
41,-00005048-3100-0400-0000-000000038303,-16080007972038,Other direction_FULL_ROUTE_EDSA_TO_CHINO,3,Ayala Avenue,10.86,60.0,3,14.55172,121.028155
42,-00005048-3100-0400-0000-000000038840,-16080014750823,Other direction_FULL_ROUTE_EDSA_TO_CHINO,4,Ayala Avenue,14.84,60.0,3,14.551795,121.028065
43,-00005048-3100-0400-0000-00000003883f,-16080007433046,Other direction_FULL_ROUTE_EDSA_TO_CHINO,5,Ayala Avenue,73.43,60.0,3,14.55208,121.02777499999999
44,-00005048-3100-0400-0000-00000003830d,-16080007433042,Other direction_FULL_ROUTE_EDSA_TO_CHINO,6,Ayala Avenue,19.62,60.0,3,14.55238,121.02747500000001
45,-cbd46e1b-d0fc-4f66-ba3d-b7bc83b26358,-16080016999464,Other direction_FULL_ROUTE_EDSA_TO_CHINO,7,Ayala Avenue,11.13,60.0,3,14.552475000000001,121.02737
46,-c00f54e3-e357-4b38-b131-0dcb954584ea,-16080016998756,Other direction_FULL_ROUTE_EDSA_TO_CHINO,8,Ayala Avenue,104.01,60.0,3,14.55283,121.02698000000001
47,-00005048-3100-0400-0000-00000003830b,-16080011831906,Other direction_FULL_ROUTE_EDSA_TO_CHINO,9,Ayala Avenue,24.58,60.0,3,14.55322,121.02654
48,-00005048-3100-0400-0000-000000036b8e,-16080005519447,Other direction_FULL_ROUTE_EDSA_TO_CHINO,10,Ayala Avenue,13.67,60.0,3,14.553329999999999,121.026405
49,-00005048-3100-0400-0000-000000037967,-16080007846012,Other direction_FULL_ROUTE_EDSA_TO_CHINO,11,Ayala Avenue,77.6,60.0,3,14.553606666666667,121.02605333333334
50,-00005048-3100-0400-0000-000000037966,-16080008799547,Other direction_FULL_ROUTE_EDSA_TO_CHINO,12,Ayala Avenue,172.03,40.0,3,14.554250000000001,121.02513333333333
51,-00005048-3100-0400-0000-00000003613f,-16080007954869,Other direction_FULL_ROUTE_EDSA_TO_CHINO,13,Ayala Avenue,15.55,40.0,3,14.554735,121.02441999999999
52,-00005048-3100-0400-0000-0000000b6b23,-16080007842206,Other direction_FULL_ROUTE_EDSA_TO_CHINO,14,Ayala Avenue,28.01,40.0,3,14.55485,121.02423666666665
53,-c8c9f764-0bb2-4f58-a135-672ab96b5555,-16080016357887,Other direction_FULL_ROUTE_EDSA_TO_CHINO,15,Ayala Avenue,30.03,40.0,3,14.55499,121.024025
54,-9a4c1c4d-d635-4454-9634-d7c1ebdc9d24,-16080016357771,Other direction_FULL_ROUTE_EDSA_TO_CHINO,16,Ayala Avenue,35.22,40.0,3,14.555136666666668,121.02379333333333
55,-dff2c70d-8c19-48de-8a11-ebb1a513d112,-16080016100030,Other direction_FULL_ROUTE_EDSA_TO_CHINO,17,Ayala Avenue,55.09,60.0,3,14.555363333333332,121.02342333333333
56,-b7ba6615-5c00-427d-8ea4-aae3c0be332e,-16080016096688,Other direction_FULL_ROUTE_EDSA_TO_CHINO,18,Ayala Avenue,152.73,60.0,3,14.555926,121.02258200000001
57,-00005048-3100-0400-0000-000000195a67,-16080005975942,Other direction_FULL_ROUTE_EDSA_TO_CHINO,19,Ayala Avenue,56.26,60.0,3,14.55644,121.0218
58,-00005048-3100-0400-0000-000000038405,-16080009835154,Other direction_FULL_ROUTE_EDSA_TO_CHINO,20,Ayala Avenue,40.32,60.0,3,14.556665,121.02144999999999
59,-00005048-3100-0400-0000-000000036adb,-16080008227346,Other direction_FULL_ROUTE_EDSA_TO_CHINO,21,Ayala Avenue,16.26,60.0,3,14.556805,121.02123
60,-00005048-3100-0400-0000-0000000b5b17,-16080005774099,Other direction_FULL_ROUTE_EDSA_TO_CHINO,22,Ayala Avenue,16.5,40.0,3,14.556895,121.02111
61,-bdf3c921-cd87-4d83-b8c0-11cb09812820,-16080016144369,Other direction_FULL_ROUTE_EDSA_TO_CHINO,23,Ayala Avenue,18.85,40.0,3,14.556985000000001,121.02097499999999
62,-88e43444-09ba-4653-ab9f-efbcd8a1d6d4,-16080016145389,Other direction_FULL_ROUTE_EDSA_TO_CHINO,24,Ayala Avenue,13.3,60.0,3,14.557065,121.02085
63,-a0e295d1-85a5-4a85-9612-b27b847f405c,-16080016144255,Other direction_FULL_ROUTE_EDSA_TO_CHINO,25,Ayala Avenue,228.52,40.0,3,14.557668000000001,121.01990599999999
64,-00005048-3100-0400-0000-0000000b5b11,-16080008225986,Other direction_FULL_ROUTE_EDSA_TO_CHINO,26,Ayala Avenue,19.34,40.0,3,14.55829,121.018955
65,00005048-3100-0400-0000-0000000b59c6,16080010906784,Other direction_FULL_ROUTE_EDSA_TO_CHINO,27,Ayala Avenue,87.65,60.0,3,14.558606666666668,121.01852333333333
66,00005048-3100-0400-0000-0000000b59c7,16080006052058,Other direction_FULL_ROUTE_EDSA_TO_CHINO,28,Ayala Avenue,233.09,60.0,3,14.559408750000001,121.01735375000001
67,00005048-3100-0400-0000-000000036d8f,16080006100213,Other direction_FULL_ROUTE_EDSA_TO_CHINO,29,Ayala Avenue,8.86,60.0,3,14.560030000000001,121.016415
68,00005048-3100-0400-0000-0000000386a2,16080006049442,Other direction_FULL_ROUTE_EDSA_TO_CHINO,30,Ayala Avenue,69.7,40.0,3,14.560244999999998,121.0161725
69,00005048-3100-0400-0000-0000000386a3,16080013103949,Other direction_FULL_ROUTE_EDSA_TO_CHINO,31,Ayala Avenue,26.72,40.0,3,14.56059,121.01583999999998
70,00005048-3100-0400-0000-0000000386a1,16080009698580,Other direction_FULL_ROUTE_EDSA_TO_CHINO,32,Ayala Avenue,31.48,40.0,3,14.560792499999998,121.0156875
71,00005048-3100-0400-0000-000000038616,16080005205341,Other direction_FULL_ROUTE_EDSA_TO_CHINO,33,Ayala Avenue,32.25,60.0,3,14.5610625,121.0155775
72,-00005048-3100-0400-0000-0000000377b9,-16080005205353,Other direction_FULL_ROUTE_EDSA_TO_CHINO,34,Ayala Avenue,16.08,60.0,3,14.561279999999998,121.01553333333334
73,-00005048-3100-0400-0000-000000038622,-16080005205359,Other direction_FULL_ROUTE_EDSA_TO_CHINO,35,Ayala Ave Ext,35.32,45.0,4,14.561507500000001,121.0154725
74,-da80dfa5-e081-44ea-829b-70a8aba5b774,-16080016861786,Other direction_FULL_ROUTE_EDSA_TO_CHINO,36,Ayala Ave Ext,10.61,40.0,4,14.561705,121.01543
75,fc7aabc4-07e6-4b11-8b0f-8b9936e3608c,16080016861636,Other direction_FULL_ROUTE_EDSA_TO_CHINO,37,,54.55,40.0,7,14.561950000000001,121.01560399999998
76,-a9aa60a4-a11d-46de-a5aa-29de33214311,-16080016846803,Other direction_FULL_ROUTE_EDSA_TO_CHINO,38,Malugay Street,90.38,40.0,7,14.562205,121.01624000000001
77,-f2009d1e-5a29-417d-99c7-f2e7afc95121,-16080016178060,Other direction_FULL_ROUTE_EDSA_TO_CHINO,39,Malugay Street,37.36,20.0,7,14.562294999999999,121.01676
78,00005048-3100-0400-0000-000000036aa2,16080006049838,Other direction_FULL_ROUTE_EDSA_TO_CHINO,40,,80.97,20.0,7,14.56196,121.016985
79,00005048-3100-0400-0000-00000003787b,16080013881801,Other direction_FULL_ROUTE_EDSA_TO_CHINO,41,Sen. G. Puyat Street,10.28,40.0,2,14.561595,121.01698999999999
80,b39a0646-257f-4ec2-9be0-732360557c56,16080016151842,Other direction_FULL_ROUTE_EDSA_TO_CHINO,42,Sen. G. Puyat Street,133.44,40.0,2,14.5615,121.016418
81,00005048-3100-0400-0000-000000038620,16080005205357,Other direction_FULL_ROUTE_EDSA_TO_CHINO,43,Sen. G. Puyat Street,22.25,40.0,2,14.561363333333333,121.01562333333334
82,-00005048-3100-0400-0000-0000000377b7,-16080005205356,Other direction_FULL_ROUTE_EDSA_TO_CHINO,44,Sen. G. Puyat Street,14.78,40.0,2,14.56134,121.01544999999999
83,00005048-3100-0400-0000-00000003861a,16080005205346,Other direction_FULL_ROUTE_EDSA_TO_CHINO,45,Sen. G. Puyat Street,32.86,40.0,2,14.5613,121.01523
84,00005048-3100-0400-0000-00000003861b,16080007680561,Other direction_FULL_ROUTE_EDSA_TO_CHINO,46,Sen. G. Puyat Street,79.09,40.0,2,14.561176666666668,121.01468333333332
85,00005048-3100-0400-0000-0000000377ef,16080006049438,Other direction_FULL_ROUTE_EDSA_TO_CHINO,47,Sen. G. Puyat Street,39.85,40.0,2,14.561055,121.01419
86,d9c6bd7e-82b1-4c09-8fed-d548f827ea58,16080016359709,Other direction_FULL_ROUTE_EDSA_TO_CHINO,48,Sen. G. Puyat Street,264.89,40.0,2,14.56071,121.0132611111111
87,00005048-3100-0400-0000-0000000376ac,16080008217783,Other direction_FULL_ROUTE_EDSA_TO_CHINO,49,Sen. G. Puyat Street,7.78,40.0,2,14.559975000000001,121.011765
