horizon_minutes,model,seed,parameters,best_epoch,epochs_completed,training_seconds,best_validation_mse_normalized,test_mse_normalized,mae_kph,rmse_kph,smape_percent
15,persistence,0,0,0,0,0.0,0.0,0.0,2.0724432468414307,2.806964874267578,17.657873153686523
15,lstm,42,5409,499,500,8.800611400045455,0.1329512596130371,0.1342007860992894,1.484771728515625,1.9521607160568237,12.864999771118164
15,lstm,52,5409,488,500,8.288515600026585,0.13117115425341058,0.13201688275192724,1.472212553024292,1.9362115859985352,12.751981735229492
15,lstm,62,5409,500,500,8.410704399982933,0.13620635596188632,0.13635590220942642,1.502587080001831,1.967773199081421,12.955013275146484
15,lstm,72,5409,499,500,8.073629600054119,0.13087107918479227,0.13019987308617795,1.4666578769683838,1.9228408336639404,12.728349685668945
15,lstm,82,5409,499,500,8.023743400000967,0.13227389798019873,0.13226867083347205,1.4646074771881104,1.9380570650100708,12.627821922302246
15,tgcn,42,6657,498,500,8.882488700037356,0.150800473762281,0.15202254237550678,1.5995594263076782,2.0777440071105957,13.777990341186523
15,tgcn,52,6657,486,500,8.820128799998201,0.15273236505913013,0.15345672766367593,1.5974595546722412,2.08752179145813,13.773253440856934
15,tgcn,62,6657,499,500,8.971738699998241,0.15666414390910754,0.1563197554964008,1.6167551279067993,2.106905221939087,13.971323013305664
15,tgcn,72,6657,477,500,8.929454799974337,0.15343279910810065,0.1546420364668875,1.6125670671463013,2.0955684185028076,13.983125686645508
15,tgcn,82,6657,495,500,8.99014970002463,0.15850987578883316,0.1585565624815045,1.6380892992019653,2.1219258308410645,14.214949607849121
15,a3tgcn,42,6690,492,500,10.287496600009035,0.16040531794230142,0.16035067673885461,1.6508885622024536,2.133897066116333,14.258101463317871
15,a3tgcn,52,6690,497,500,10.402508900035173,0.15705723112279718,0.15848826639580005,1.635769248008728,2.1214687824249268,14.181923866271973
15,a3tgcn,62,6690,490,500,10.358055700024124,0.14813690113298822,0.1480216799360333,1.5780616998672485,2.0502212047576904,13.688664436340332
15,a3tgcn,72,6690,490,500,10.147108500008471,0.16755770553242078,0.16796881502324884,1.6831114292144775,2.1839985847473145,14.429025650024414
15,a3tgcn,82,6690,487,500,10.363093300024047,0.1534618970119592,0.15337254423083682,1.6160928010940552,2.086949110031128,14.090193748474121
30,persistence,0,0,0,0,0.0,0.0,0.0,2.206249952316284,2.9504072666168213,18.7840576171875
30,lstm,42,5409,476,500,8.25101949996315,0.12535125559026544,0.1260922014220687,1.4438503980636597,1.8922659158706665,12.526212692260742
30,lstm,52,5409,496,500,7.838931799982674,0.12329885782289111,0.12611726098809362,1.4307183027267456,1.8924540281295776,12.272003173828125
30,lstm,62,5409,488,500,7.8828473999747075,0.12470538557068375,0.1252970064967132,1.432092308998108,1.8862898349761963,12.301542282104492
30,lstm,72,5409,498,500,7.888540100015234,0.12701241438053856,0.12797748943990914,1.4488658905029297,1.9063597917556763,12.488813400268555
30,lstm,82,5409,499,500,7.774350700026844,0.12789473257774164,0.12814576172631634,1.4437140226364136,1.907612681388855,12.402413368225098
30,tgcn,42,6657,466,500,8.87188149994472,0.15187513729757515,0.15146759127782397,1.6022779941558838,2.073948383331299,13.793534278869629
30,tgcn,52,6657,497,500,8.854543199995533,0.1464925876333694,0.14735019305520805,1.5673482418060303,2.045565605163574,13.40300178527832
30,tgcn,62,6657,474,500,8.71774810005445,0.15418787239011655,0.15347574565036237,1.62252676486969,2.087651252746582,13.907344818115234
30,tgcn,72,6657,498,500,8.718144100042991,0.1503977617941612,0.15103296800093216,1.602732539176941,2.0709705352783203,13.825973510742188
30,tgcn,82,6657,499,500,8.723456299980171,0.15160266624009314,0.15140303698453036,1.596375823020935,2.0735063552856445,13.774190902709961
30,a3tgcn,42,6690,497,500,10.103048600023612,0.16916967817574494,0.16845094665022922,1.70018470287323,2.187130928039551,14.596796035766602
30,a3tgcn,52,6690,499,500,10.21522409998579,0.15608586555670115,0.15657569948306754,1.6110280752182007,2.1086292266845703,13.967023849487305
30,a3tgcn,62,6690,498,500,10.373584699991625,0.1529972139468863,0.1519308681330405,1.595739483833313,2.077117443084717,13.63104248046875
30,a3tgcn,72,6690,496,500,10.298380599997472,0.1642891158742353,0.1641124614999314,1.677662968635559,2.1587822437286377,14.394394874572754
30,a3tgcn,82,6690,499,500,10.568486700009089,0.14659054811335792,0.14550769033510824,1.5778160095214844,2.032736301422119,13.642658233642578
60,persistence,0,0,0,0,0.0,0.0,0.0,2.6679294109344482,3.5067989826202393,22.617509841918945
60,lstm,42,5409,491,500,7.883506599988323,0.1281124148705993,0.13002568543559373,1.4679219722747803,1.9215542078018188,12.57580852508545
60,lstm,52,5409,490,500,7.893319199967664,0.1350187761615021,0.1388415784546823,1.5141962766647339,1.9856276512145996,12.892898559570312
60,lstm,62,5409,492,500,8.064151099999435,0.13557395790562485,0.13871244950727982,1.5266066789627075,1.9847041368484497,12.997798919677734
60,lstm,72,5409,499,500,8.015726500016171,0.13174603202126242,0.13326943041098238,1.4818488359451294,1.9453750848770142,12.695595741271973
60,lstm,82,5409,469,500,8.15808120003203,0.12765378422207302,0.12952740987141928,1.4710419178009033,1.9178688526153564,12.603557586669922
60,tgcn,42,6657,476,500,9.079927300044801,0.16054960693975892,0.16050699985388553,1.6713227033615112,2.134937047958374,14.23494815826416
60,tgcn,52,6657,480,500,9.102078999974765,0.14767188736886688,0.14808716677656078,1.597699761390686,2.0506746768951416,13.662862777709961
60,tgcn,62,6657,480,500,9.348122800001875,0.15973093774583605,0.16099580851468173,1.678173542022705,2.1381852626800537,14.406415939331055
60,tgcn,72,6657,499,500,9.192766799998935,0.16431208572002373,0.16485921060196077,1.6756776571273804,2.1636881828308105,14.267541885375977
60,tgcn,82,6657,472,500,9.430494500033092,0.15833951006032,0.15851072831587357,1.6630803346633911,2.1216189861297607,14.38458251953125
60,a3tgcn,42,6690,497,500,10.703734900045674,0.17356692420111763,0.1745397298022954,1.7568570375442505,2.2263076305389404,14.982658386230469
60,a3tgcn,52,6690,490,500,10.825721699977294,0.15431729470840608,0.15640138375638712,1.6311776638031006,2.107455253601074,13.999276161193848
60,a3tgcn,62,6690,467,500,10.4812972000218,0.16252372240779375,0.16272473816919808,1.6813832521438599,2.1496357917785645,14.290886878967285
60,a3tgcn,72,6690,495,500,10.817618800036144,0.16887332935525914,0.16970585572599162,1.706010341644287,2.1952626705169678,14.493429183959961
60,a3tgcn,82,6690,498,500,11.56270329997642,0.1551240501981793,0.15466023936416162,1.6381988525390625,2.095691680908203,14.100740432739258
