horizon_minutes,model,runs,parameters,mean_training_seconds,mean_best_epoch,mae_kph_mean,mae_kph_std,mae_kph_ci95_low,mae_kph_ci95_high,rmse_kph_mean,rmse_kph_std,rmse_kph_ci95_low,rmse_kph_ci95_high,smape_percent_mean,smape_percent_std,smape_percent_ci95_low,smape_percent_ci95_high
15,persistence,1,0,0.0,0.0,2.0724432468414307,0.0,2.0724432468414307,2.0724432468414307,2.806964874267578,0.0,2.806964874267578,2.806964874267578,17.657873153686523,0.0,17.657873153686523,17.657873153686523
15,lstm,5,5409,8.319440880022011,497.0,1.4781673431396485,0.015745941985967113,1.458616173857868,1.497718512421429,1.9434086799621582,0.01712966851094163,1.9221393872709571,1.9646779726533592,12.785633277893066,0.1267940100434238,12.62819772043426,12.943068835351871
15,tgcn,5,6657,8.918792140006554,491.0,1.612886095046997,0.016323686328233066,1.592617561415259,1.633154628678735,2.097933053970337,0.01715908389982689,2.076627237249764,2.1192388706909098,13.94412841796875,0.1819371926159317,13.718223555963284,14.170033279974216
15,a3tgcn,5,6690,10.311652600020171,491.2,1.6327847480773925,0.03918757219927327,1.584126950500544,1.681442545654241,2.1153069496154786,0.05035479769038165,2.0527832101864973,2.17783068904446,14.129581832885743,0.27608112723346107,13.786781836616441,14.472381829155044
30,persistence,1,0,0.0,0.0,2.206249952316284,0.0,2.206249952316284,2.206249952316284,2.9504072666168213,0.0,2.9504072666168213,2.9504072666168213,18.7840576171875,0.0,18.7840576171875,18.7840576171875
30,lstm,5,5409,7.9271378999925215,491.4,1.4398481845855713,0.007996714723181917,1.4299189518098903,1.4497774173612523,1.8969964504241943,0.009460704157208904,1.8852494346745312,1.9087434661738574,12.398196983337403,0.11167379222426563,12.259535655989644,12.536858310685162
30,tgcn,5,6657,8.777154640003573,486.8,1.598252272605896,0.01990044208010591,1.5735426101266894,1.6229619350851028,2.070328426361084,0.01530435601568477,2.0513255584807153,2.089331294241453,13.740809059143066,0.19557300004326103,13.497973105968645,13.983645012317487
30,a3tgcn,5,6690,10.311744940001518,497.8,1.6324862480163573,0.0534406907486223,1.566130866274652,1.6988416297580626,2.112879228591919,0.06192789812298395,2.0359855870081796,2.1897728701756587,14.046383094787597,0.4375688756328378,13.5030695751798,14.589696614395393
60,persistence,1,0,0.0,0.0,2.6679294109344482,0.0,2.6679294109344482,2.6679294109344482,3.5067989826202393,0.0,3.5067989826202393,3.5067989826202393,22.617509841918945,0.0,22.617509841918945,22.617509841918945
60,lstm,5,5409,8.002956920000724,488.2,1.492323136329651,0.026513268383193782,1.459402565503525,1.525243707155777,1.9510259866714477,0.03290671271999741,1.910166906187793,1.9918850671551023,12.753131866455078,0.18474518512389596,12.523740421245247,12.98252331166491
60,tgcn,5,6657,9.230678080010694,481.4,1.6571907997131348,0.03374766782766192,1.6152875355481875,1.699094063878082,2.121820831298828,0.04258673768351792,2.068942412316256,2.1746992502814,14.19127025604248,0.30438334382578486,13.813328416361125,14.569212095723836
60,a3tgcn,5,6690,10.878215180011466,489.4,1.682725429534912,0.051670281809396056,1.6185683008351421,1.746882558234682,2.15487060546875,0.05592971358988849,2.0854246936743377,2.2243165172631625,14.373398208618164,0.38946215724465144,13.889817069304707,14.856979347931622
